{
  "count": 2513,
  "mean": 0.05498342184985462,
  "median": 0.07034637617677753,
  "std": 1.154926308923893,
  "min": -11.984055240393443,
  "max": 9.515387644904848,
  "skewness": -0.34893306155587195,
  "kurtosis": 15.000856921343324,
  "percentiles": {
    "1": -3.3435698950829793,
    "5": -1.7162943766655103,
    "10": -1.1177452430453827,
    "25": -0.3739381560474708,
    "50": 0.07034637617677753,
    "75": 0.583897507464215,
    "90": 1.1846359136417253,
    "95": 1.6119653225182653,
    "99": 2.657145260456755
  },
  "positive_days": "1365",
  "negative_days": "1147",
  "flat_days": "1",
  "positive_ratio": 0.5431754874651811,
  "negative_ratio": 0.4564265817747712,
  "volatility_annual": 18.333886776110273,
  "sharpe_ratio": 0.7557493113908618,
  "chart_filename": "^GSPC_daily_returns_analysis_20250822.png"
}