{
  "count": 2513,
  "mean": 0.05498342184985462,
  "median": 0.07034637617677753,
  "std": 1.154926308923893,
  "min": -11.984055240393443,
  "max": 9.515387644904848,
  "skewness": -0.34893306155587195,
  "kurtosis": 15.000856921343324,
  "percentiles": {
    "1": -3.3435698950829793,
    "5": -1.7162943766655103,
    "10": -1.1177452430453827,
    "25": -0.3739381560474708,
    "50": 0.07034637617677753,
    "75": 0.583897507464215,
    "90": 1.1846359136417253,
    "95": 1.6119653225182653,
    "99": 2.657145260456755
  },
  "positive_percentiles": {
    "1": 0.008386869511973316,
    "5": 0.04164281016433069,
    "10": 0.08540513937096872,
    "25": 0.21588381272976687,
    "50": 0.5282254329749936,
    "75": 1.0180197220578835,
    "90": 1.5629662735825092,
    "95": 2.0092640302864537,
    "99": 3.371056910623496
  },
  "negative_percentiles": {
    "1": -4.219821464627805,
    "5": -2.4686331966528585,
    "10": -1.7886313733834736,
    "25": -0.9769822999495248,
    "50": -0.4470988428756373,
    "75": -0.1722769724674278,
    "90": -0.0680560440440757,
    "95": -0.03247907441732638,
    "99": -0.007392442296888084
  },
  "positive_days": "1365",
  "negative_days": "1147",
  "flat_days": "1",
  "positive_ratio": 0.5431754874651811,
  "negative_ratio": 0.4564265817747712,
  "volatility_annual": 18.333886776110273,
  "sharpe_ratio": 0.7557493113908618,
  "chart_filename": "charts/returns_analysis/^GSPC_daily_returns_analysis_20250822.png"
}