{
  "count": 2514,
  "mean": 0.022122996180721034,
  "median": 0.04663831425192387,
  "std": 0.9090561701871747,
  "min": -5.709927883279171,
  "max": 9.901156399226544,
  "skewness": 0.16102706509998288,
  "kurtosis": 10.023091792950954,
  "percentiles": {
    "1": -2.8626349473066375,
    "5": -1.514026429525853,
    "10": -0.9660877208984544,
    "25": -0.3292008031044721,
    "50": 0.04663831425192387,
    "75": 0.46918127887821043,
    "90": 0.9293261346707933,
    "95": 1.2924469889531087,
    "99": 2.344652775124814
  },
  "positive_percentiles": {
    "1": 0.006743500807625433,
    "5": 0.03130813352040525,
    "10": 0.062029063392218906,
    "25": 0.18333109713406823,
    "50": 0.4300231976423229,
    "75": 0.7745734043157382,
    "90": 1.2430516776605978,
    "95": 1.602399981735996,
    "99": 2.8099070418535597
  },
  "negative_percentiles": {
    "1": -3.251586271903526,
    "5": -1.9916904581377626,
    "10": -1.5741918249494111,
    "25": -0.8823762606717842,
    "50": -0.38556341327499605,
    "75": -0.1565676315788287,
    "90": -0.06434157933254997,
    "95": -0.031416520849024195,
    "99": -0.0056578937393992855
  },
  "positive_days": "1356",
  "negative_days": "1157",
  "flat_days": "1",
  "positive_ratio": 0.5393794749403341,
  "negative_ratio": 0.4602227525855211,
  "volatility_annual": 14.430819324624439,
  "sharpe_ratio": 0.3863256071696948,
  "analysis_type": "intraday",
  "description": "日内涨跌幅分析（开盘到收盘）",
  "total_trading_days": 2514,
  "positive_intraday_days": "1356",
  "negative_intraday_days": "1157",
  "flat_intraday_days": "1",
  "positive_intraday_ratio": 0.5393794749403341,
  "gap_analysis": {
    "gap_up": {
      "count": 1429,
      "stats": {
        "count": 1429,
        "mean": 0.13426314580835685,
        "median": 0.11184714631508408,
        "std": 0.8313613768350854,
        "min": -5.222991627737389,
        "max": 5.487571151357423,
        "skewness": 0.17924265093971514,
        "kurtosis": 6.43111858651807,
        "percentiles": {
          "1": -2.121076583726747,
          "5": -1.1897282305930676,
          "10": -0.7505600531142717,
          "25": -0.24558681834132354,
          "50": 0.11184714631508408,
          "75": 0.5325176156281731,
          "90": 1.0125640042640842,
          "95": 1.3424757380855503,
          "99": 2.432134055954159
        },
        "positive_percentiles": {
          "1": 0.006600442968649209,
          "5": 0.03341998120595439,
          "10": 0.07240514338659013,
          "25": 0.19867759295346343,
          "50": 0.4449540972484879,
          "75": 0.8237323574505437,
          "90": 1.2706206030288558,
          "95": 1.5943453043346225,
          "99": 2.815542017976298
        },
        "negative_percentiles": {
          "1": -2.8955268743624054,
          "5": -1.7473430672538608,
          "10": -1.324614046032997,
          "25": -0.7380346474645677,
          "50": -0.3175161987937937,
          "75": -0.15350505411240936,
          "90": -0.06403407230637462,
          "95": -0.03066387949430436,
          "99": -0.005464442069467824
        }
      },
      "description": "高开日内表现（开盘价 > 前日收盘价）"
    },
    "gap_down": {
      "count": 1083,
      "stats": {
        "count": 1083,
        "mean": -0.12301953688271773,
        "median": -0.03081937727228409,
        "std": 0.9780320137799279,
        "min": -5.709927883279171,
        "max": 9.901156399226544,
        "skewness": 0.3231565529925191,
        "kurtosis": 12.862213927385037,
        "percentiles": {
          "1": -3.0015808360072818,
          "5": -1.7294300927014417,
          "10": -1.2604288642021761,
          "25": -0.5381542875777094,
          "50": -0.03081937727228409,
          "75": 0.34800920738523183,
          "90": 0.7883319581380666,
          "95": 1.2058728839442077,
          "99": 2.0782166986921498
        },
        "positive_percentiles": {
          "1": 0.007885367471538115,
          "5": 0.030577405764319016,
          "10": 0.051510434824416106,
          "25": 0.1681642314707929,
          "50": 0.3792603476689072,
          "75": 0.7199780307136237,
          "90": 1.219184054271382,
          "95": 1.6029514755481167,
          "99": 2.7590500609013833
        },
        "negative_percentiles": {
          "1": -3.3602822383088284,
          "5": -2.2071588279696255,
          "10": -1.7211561216185955,
          "25": -1.0445668389975762,
          "50": -0.49803621786055796,
          "75": -0.1611911161871603,
          "90": -0.06695311188061216,
          "95": -0.03234291635857628,
          "99": -0.005892607861239699
        }
      },
      "description": "低开日内表现（开盘价 < 前日收盘价）"
    },
    "gap_flat": {
      "count": 1,
      "stats": {
        "count": 1,
        "mean": 0.6461279195357952,
        "median": 0.6461279195357952,
        "std": NaN,
        "min": 0.6461279195357952,
        "max": 0.6461279195357952,
        "skewness": NaN,
        "kurtosis": NaN,
        "percentiles": {
          "1": 0.6461279195357952,
          "5": 0.6461279195357952,
          "10": 0.6461279195357952,
          "25": 0.6461279195357952,
          "50": 0.6461279195357952,
          "75": 0.6461279195357952,
          "90": 0.6461279195357952,
          "95": 0.6461279195357952,
          "99": 0.6461279195357952
        },
        "positive_percentiles": {
          "1": 0.6461279195357952,
          "5": 0.6461279195357952,
          "10": 0.6461279195357952,
          "25": 0.6461279195357952,
          "50": 0.6461279195357952,
          "75": 0.6461279195357952,
          "90": 0.6461279195357952,
          "95": 0.6461279195357952,
          "99": 0.6461279195357952
        },
        "negative_percentiles": {}
      },
      "description": "平开日内表现（开盘价 = 前日收盘价）"
    },
    "summary": {
      "total_days": 2513,
      "gap_up_days": 1429,
      "gap_down_days": 1083,
      "gap_flat_days": 1,
      "gap_up_ratio": 0.5686430561082372,
      "gap_down_ratio": 0.4309590131317151,
      "gap_flat_ratio": 0.0003979307600477517,
      "classification": "简单分类（>0 高开, <0 低开, =0 平开）"
    }
  },
  "chart_filename": "charts/returns_analysis/^GSPC_Intraday_daily_returns_analysis_20250822.png"
}